Track,Hours Played
"12 Morceaux, Op. 40, TH 138: 1. Étude",0.02496472222222222
"12 Morceaux, Op. 40, TH 138: 12. Réverie interrompue",0.10249638888888889
"12 Morceaux, Op. 40, TH 138: 2. Chanson triste",0.3246038888888889
"12 Morceaux, Op. 40, TH 138: 3. Marche funèbre",0.22672
"12 Morceaux, Op. 40, TH 138: 4. Mazurka in C Major",0.15946472222222224
"12 Morceaux, Op. 40, TH 138: 5. Mazurka in D Major",0.07063472222222222
"12 Morceaux, Op. 40, TH 138: 6. Chant sans paroles",0.08246444444444445
"12 Morceaux, Op. 40, TH 138: 7. Au village",0.23538916666666665
"12 Morceaux, Op. 40, TH 138: 8. Valse in A-Flat Major",0.05806111111111111
"12 Morceaux, Op. 40: No. 2. Chanson triste in G Minor",0.05527777777777778
"12 Morceaux, Op. 40: No. 6. Song without Words in A Minor",0.0355825
"16 Songs for Children, Op. 54: I. Granny and Grandson",0.0135125
"18 Morceaux, Op. 72, TH 151: 10. Scherzo-fantaisie",0.05810666666666667
"18 Morceaux, Op. 72, TH 151: 12. L'espiègle",0.06486527777777779
"18 Morceaux, Op. 72, TH 151: 15. Un poco di Chopin",0.049593333333333336
"18 Morceaux, Op. 72, TH 151: 2. Berceuse",0.2884136111111111
"18 Morceaux, Op. 72, TH 151: 3. Tendres reproches",0.21992194444444443
"18 Morceaux, Op. 72, TH 151: 5. Méditation",0.17829027777777778
"18 Morceaux, Op. 72, TH 151: 6. Mazurque pour danser",0.048285555555555554
"18 Morceaux, Op. 72, TH 151: 9. Un poco di Schumann",0.007733333333333333
"1812 Festival Overture, Op. 49: 1812 Overture, Op. 49",0.5190447222222223
"1812 Festival Overture, Op. 49: 1812 Overture, Op. 49: Finale",1.1657194444444443
"1812 Overture, Op. 49, TH 49",0.9874077777777779
"1812 Overture, Op. 49, TH. 49: Largo - Allegro giusto",1.0285177777777779
"2 Pieces, Op. 10, TH 132: 1. Nocturne",0.40079472222222223
"2 Pieces, Op. 10, TH 132: 2. Humoresque",0.17379111111111112
"2 Pieces, Op. 1: 1. Scherzo à la russe, TH 124",0.7692938888888888
"2 Pieces, Op. 1: 2. Impromptu, TH 122",0.48514805555555557
"3 Morceaux, Op. 9, TH 131: 1. Rêverie",0.6081713888888889
"3 Morceaux, Op. 9, TH 131: 2. Polka de salon",0.1622911111111111
"3 Morceaux, Op. 9, TH 131: 3. Mazurka de salon",0.3301511111111111
"50 Russian Folk Songs, TH 176: 11. My Green Vineyard",0.005438333333333333
"50 Russian Folk Songs, TH 176: 12. Be Calmed, Stormy Winds",0.017389444444444443
"50 Russian Folk Songs, TH 176: 13. At the Crack of Dawn",0.0142475
"50 Russian Folk Songs, TH 176: 14. It Isn't Drink that's Muddling My Head",0.019848333333333332
"50 Russian Folk Songs, TH 176: 15. Rise up, Rise up, O Sun",0.011407222222222221
"50 Russian Folk Songs, TH 176: 16. Do Not Sing, O Nightingale",0.03371805555555556
"50 Russian Folk Songs, TH 176: 17. Master Andrei Made Merry",0.01601861111111111
"50 Russian Folk Songs, TH 176: 18. The Duckling in the Meadow",0.00867638888888889
"50 Russian Folk Songs, TH 176: 19. Young Maiden at the Feast",0.007970555555555555
"50 Russian Folk Songs, TH 176: 2. Oh, My Poor Head!",0.004403055555555556
"50 Russian Folk Songs, TH 176: 21. It's Not the Sound Resounding",0.015421388888888889
"50 Russian Folk Songs, TH 176: 22. Coming Down the Mountain",0.0015758333333333334
"50 Russian Folk Songs, TH 176: 23. A Little Duckling Was Swimming on the Sea",0.02030777777777778
"50 Russian Folk Songs, TH 176: 24. I Wear My Hair in a Plait",0.024919722222222225
"50 Russian Folk Songs, TH 176: 26. We Worked the Land",0.004975555555555556
"50 Russian Folk Songs, TH 176: 27. Upon the Sea so Blue",0.03114
"50 Russian Folk Songs, TH 176: 28. On the Green Meadow",0.009339166666666667
"50 Russian Folk Songs, TH 176: 29. Our Wine Cellar",0.012149722222222221
"50 Russian Folk Songs, TH 176: 3. Please, Try to Remember, My Darling",0.03452138888888889
"50 Russian Folk Songs, TH 176: 31. Thank You, but No Thank You, Father Superior",0.009451944444444445
"50 Russian Folk Songs, TH 176: 32. Little Ivan Wears a Big Hat",0.008669722222222223
"50 Russian Folk Songs, TH 176: 34. Merry Katya",0.014641666666666667
"50 Russian Folk Songs, TH 176: 35. O My Heart, My Heavy Heart",0.017099444444444445
"50 Russian Folk Songs, TH 176: 36. Oh, My Duckling in the Meadow",0.004288888888888889
"50 Russian Folk Songs, TH 176: 38. Play My Bagpipes",0.010807777777777777
"50 Russian Folk Songs, TH 176: 4. The Eel Coiling in the Water",0.012035
"50 Russian Folk Songs, TH 176: 40. Stop My Merry Dance",0.016005833333333334
"50 Russian Folk Songs, TH 176: 42. Under the Green Apple Tree",0.010523055555555556
"50 Russian Folk Songs, TH 176: 45. Cranberries and Raspberries",0.024049722222222222
"50 Russian Folk Songs, TH 176: 46. In the Meadows",0.006546944444444445
"50 Russian Folk Songs, TH 176: 47. Vanya Was Sitting",0.03498916666666667
"50 Russian Folk Songs, TH 176: 48. By the Gates",0.012040833333333334
"50 Russian Folk Songs, TH 176: 6. Keep on Spinning, My Spinner",0.014184444444444444
"50 Russian Folk Songs, TH 176: 7. The Tower Is Not Yet Built",0.004288611111111111
"6 Morceaux, Op. 19, TH 133: 1. Rêverie du soir",0.25582805555555554
"6 Morceaux, Op. 19, TH 133: 2. Scherzo humoristique",0.120575
"6 Morceaux, Op. 19, TH 133: 3. Feuillet d'album",0.05214666666666667
"6 Morceaux, Op. 19, TH 133: 4. Nocturne",0.1789661111111111
"6 Morceaux, Op. 19, TH 133: 5. Capriccioso",0.17542666666666668
"6 Morceaux, Op. 19, TH 133: 6. Thème original et variations. Coda",0.03320138888888889
"6 Morceaux, Op. 19, TH 133: 6. Thème original et variations. Thème",0.02275
"6 Morceaux, Op. 19, TH 133: 6. Thème original et variations. Variation 1",0.026820555555555556
"6 Morceaux, Op. 19, TH 133: 6. Thème original et variations. Variation 10",0.06452833333333334
"6 Morceaux, Op. 19, TH 133: 6. Thème original et variations. Variation 11",0.022525555555555556
"6 Morceaux, Op. 19, TH 133: 6. Thème original et variations. Variation 12",0.02365138888888889
"6 Morceaux, Op. 19, TH 133: 6. Thème original et variations. Variation 2",0.029240833333333334
"6 Morceaux, Op. 19, TH 133: 6. Thème original et variations. Variation 3",0.028463333333333334
"6 Morceaux, Op. 19, TH 133: 6. Thème original et variations. Variation 4",0.02221722222222222
"6 Morceaux, Op. 19, TH 133: 6. Thème original et variations. Variation 5",0.036555
"6 Morceaux, Op. 19, TH 133: 6. Thème original et variations. Variation 6",0.02987
"6 Morceaux, Op. 19, TH 133: 6. Thème original et variations. Variation 7",0.04881972222222222
"6 Morceaux, Op. 19, TH 133: 6. Thème original et variations. Variation 8",0.0276475
"6 Morceaux, Op. 19, TH 133: 6. Thème original et variations. Variation 9",0.03596111111111111
"6 Morceaux, Op. 19: No. 4. Nocturne in C-Sharp Minor",0.059166666666666666
"6 Pieces, Op. 21, TH 134: 1. Prélude",0.04591722222222222
"6 Pieces, Op. 21, TH 134: 2. Fugue à 4 voix",0.056766944444444446
"6 Pieces, Op. 21, TH 134: 3. Impromptu",0.03640555555555555
"6 Pieces, Op. 21, TH 134: 4. Marche funèbre",0.10677055555555555
"6 Pieces, Op. 21, TH 134: 5. Mazurque",0.13494777777777778
"6 Pieces, Op. 21, TH 134: 6. Scherzo",0.21782305555555553
"6 Pieces, Op. 51, TH 143: 2. Polka peu dansante",0.08526416666666667
"6 Pieces, Op. 51, TH 143: 3. Menuetto scherzoso",0.06285638888888889
"6 Pieces, Op. 51, TH 143: 4. Natha-Valse",0.06055888888888889
"6 Pieces, Op. 51, TH 143: 6. Valse sentimentale",0.09146166666666666
"6 Pieces, Op. 51, TH.143: 2. Polka peu dansante",0.15875555555555557
"6 Romances, Op. 73: No. 6. Again, as Before, Alone, ""Solitude"" (arr. L. Stokowski for orchestra)",0.11470333333333334
Act I - Entrée d'Aurore,0.033259166666666666
Act I - Finale,0.11423333333333334
Act I - Pas d'action: Coda,0.04212944444444444
Act I - Pas d'action: Rose Adage,0.10905916666666667
Act I - Pas d'action: Variation d'Aurore,0.057285
Act I - Scène,0.0518
Act I - Valse,0.08341472222222222
Act II - Colin-maillard,0.01730361111111111
Act II - Entr'acte,0.011931388888888889
Act II - Entr'acte et scène,0.04537027777777778
Act II - Panorama,0.03555916666666667
Act II - Pas d'action,0.08703333333333334
Act II - Scène,0.07453166666666666
Act II - Variation d'Aurore,0.027055555555555555
Act II: Sugarplum Fairy,0.03669611111111111
"Album for the Young, Op. 39: No. 3. Mamma (Maman)",0.001793888888888889
"Album pour Enfants, Op. 39: Douce rêverie",0.06148111111111111
"Album pour Enfants, Op. 39: L'orgue de barberie",0.03895777777777778
"Album pour Enfants, Op. 39: Maman",0.04135722222222222
"Album pour Enfants, Op. 39: Prière de matin",0.040815
"All-Night Vigil, Op. 52, TH 77 (Excerpts): No. 1, Bless My Soul, O Lord",0.1135075
"All-Night Vigil, Op. 52, TH 77 (Excerpts): No. 3, Kathisma. Blessed Is the Man",0.017106944444444445
"Anastasie-Valse, TH 119",0.05413916666666667
"Aveu passionné in E Minor, TH 148",0.3232663888888889
"Capriccio Italien, Op. 45, TH. 47: Andante un poco rubato",1.3581691666666666
"Capriccio in G-Flat Major, Op. 8, TH 130",0.4668555555555556
"Capriccio italien, Op. 45, TH. 47",0.2677527777777778
"Capricho italiano, Op. 45 - Andante un poco rubatto. Allegro vivace. Tarantella",0.2588886111111111
"Children's Album, Op. 39",0.014030833333333333
"Children's Album, Op. 39, TH 141: 1. Morning Prayer",0.05692694444444445
"Children's Album, Op. 39, TH 141: 10. Polka",0.013276944444444444
"Children's Album, Op. 39, TH 141: 14. Kamarinskaya",0.007317777777777778
"Children's Album, Op. 39, TH 141: 15. Italian Song",0.019466944444444443
"Children's Album, Op. 39, TH 141: 18. Neapolitan Song",0.018294444444444443
"Children's Album, Op. 39, TH 141: 2. Winter Morning",0.023319444444444445
"Children's Album, Op. 39, TH 141: 20. Baba Yaga the Witch",0.0031675
"Children's Album, Op. 39, TH 141: 20. The Sorcerer",0.010812222222222223
"Children's Album, Op. 39, TH 141: 21. Sweet Dream",0.08934388888888889
"Children's Album, Op. 39, TH 141: 24. The Organ-Grinder Sings",0.04086388888888889
"Children's Album, Op. 39, TH 141: 3. Mama",0.046413333333333334
"Children's Album, Op. 39, TH 141: 7. The Sick Doll",0.051465277777777776
"Children's Album, Op. 39, TH 141: 9. Waltz",0.023930833333333332
"Concert Fantasia, Op. 56: I. Quasi rondo",0.5177555555555555
"Concert Fantasia, Op. 56: II. Contrastes",0.23994694444444445
"Concert Suite from The Nutcracker, Op. 71: III. Tarantella",0.024525833333333334
"Concerto in D Major for Violin and Orchestra, Op. 35: III. Finale: Allegro vivacissimo",0.3443925
"Dmitri the Pretender and Vasily Shuisky, TH 16: 2. Mazurka in D Minor (Arr. Piano)",0.0394575
"Dumka, Op. 59, TH 145: Russian Rustic Scene",0.3638366666666667
"El Cascanueces, suite Op. 71 a - Danza Rusa",0.0208325
"El Cascanueces, suite Op. 71 a - Danza china",0.023610833333333334
"El Cascanueces, suite Op. 71 a - Danza de los militones",0.044444444444444446
"El Cascanueces, suite Op. 71 a - Danza del Hada",0.035832777777777776
"El Cascanueces, suite Op. 71 a - Danza árabe",0.06111027777777778
"El Cascanueces, suite Op. 71 a - Danzas características",0.05499972222222222
"El Cascanueces, suite Op. 71 a - Marcha",0.04638805555555556
"El Cascanueces, suite Op. 71 a - Vals de las flores",0.12277694444444444
Eugene Onegin - Polonaise - Redbook Stereo,0.008324444444444443
"Eugene Onegin, Op. 24, TH 5 / Act II: Lensky's Aria (Arr. Auer / Orch. Rot)",0.017472777777777778
"Eugene Onegin, Op. 24, TH. 5 / Act I: ""Puskai pogilabnu ya, no pryezhde""",0.23467388888888888
"Eugene Onegin, Op. 24, TH. 5 / Act I: ""Slikhali l vi za roschei glas nochnoi""",0.08444444444444445
"Eugene Onegin, Op. 24, TH. 5 / Act I: (Scene 2) Introduction and Scene. ""Nu, zaboltalas ya!""",0.14814805555555555
"Eugene Onegin, Op. 24, TH. 5 / Act I: (Scene 3) Servant Girls' Chorus. ""Dyevitsi, krasavitsi""",0.05129611111111111
"Eugene Onegin, Op. 24, TH. 5 / Act I: Closing Scene. ""A, vot i vi!""",0.04287027777777778
"Eugene Onegin, Op. 24, TH. 5 / Act I: Introduction",0.09528888888888888
"Eugene Onegin, Op. 24, TH. 5 / Act I: Peasants' Chorus and Dance. ""Bolyat moyi skori nozhenki so pokhodushki"" - ""Uzh kak po mostu, mostochku""",0.08083333333333333
"Eugene Onegin, Op. 24, TH. 5 / Act I: Scene and Aria. ""Kak ya lyublyu pod zvuki pesen etikh"" - ""Uzh kak po mostu, mostochku""",0.058936944444444445
"Eugene Onegin, Op. 24, TH. 5 / Act I: Scene and Aria. ""Zdyes on, zdyes on, Yevgeni!""",0.21145805555555555
"Eugene Onegin, Op. 24, TH. 5 / Act I: Scene and Arioso. ""Kak shchastliv, kak shchastliv ya!"" - ""Ya lyublyu vas""",0.09467388888888889
"Eugene Onegin, Op. 24, TH. 5 / Act I: Scene and Duet. ""Akh, noch minula""",0.10435166666666666
"Eugene Onegin, Op. 24, TH. 5 / Act I: Scene and Quartet. ""Mesdames! Ya na sebya vzyal smyelost""",0.07711583333333333
"Eugene Onegin, Op. 24, TH. 5 / Act I: Scene. ""Nu ti, moya vostrushka""",0.10186666666666666
"Eugene Onegin, Op. 24: (Scene 1) Introduction",0.09008888888888889
"Eugene Onegin, Op. 24: Duet and Quartet. ""Slikhali L Vi Za Roschei Glas Nochnoi""",0.11288972222222221
"Eugene Onegin, Op. 24: Peasants' Chorus and Dance. ""Bolyat Moyi Skori Nozhenki So Pokhodushki"" - ""Uzh Kak Po Mostu, Mostochku""",0.09347388888888888
"Eugene Onegin, Op. 24: Scene and Aria. ""Kak Ya Lyublyu Pod Zvuki Pesen Etikh"" - ""Uzh Kak Po Mostu, Mostochku""",0.011285277777777778
"Fate, Op. 77: Fatum (Fate), Op. 77",0.26652555555555557
Festival Coronation March in D Major,0.19250777777777778
"Festival Coronation March in D Major, TH 50",0.009384722222222221
Festival Overture On the Danish National Anthem,0.0033152777777777777
"Festival Overture on the Danish National Anthem, Op. 15",0.2133461111111111
"Francesca da Rimini, Fantasy for Orchestra, Op. 32: I. Andante lugubre",0.22598861111111113
"Francesca da Rimini, Fantasy for Orchestra, Op. 32: II. Allegro vivo",0.40721444444444443
"Francesca da Rimini, Fantasy for Orchestra, Op. 32: III. Andante cantabile non troppo",0.8063505555555556
"Francesca da Rimini, Fantasy for Orchestra, Op. 32: IV. Allegro vivo",0.2676375
"Francesca da Rimini, Op. 32",0.0053013888888888885
"Grand Sonata in G Major, Op. 37",0.07936694444444445
"Groza, Op. 76 (The Storm)",0.2378888888888889
"Hamlet Fantasy Overture, Op. 67, TH 53",0.6384072222222222
"Hamlet, Op. 67a: Overture",0.1601663888888889
I. Allegro non troppo e molto maestoso,0.0007158333333333333
II. Allegro con grazia,0.006488611111111111
"Iolanta Op. 69 / 1. Scene And Arioso Of Iolanta: ""Moy ptenčik, Iolanta, tï ustala?"" - Live",0.2746725
"Iolanta Op. 69 / 2. Scene And Chorus: ""Polno, ne nado, rodnaya"" ""Vot tebe lyutiki"" - Live",0.06759277777777778
"Iolanta Op. 69 / 3. Scene And Chorus: ""Brigitta, ėto tï?"" - Live",0.06211833333333333
"Iolanta Op. 69 / 3. Scene And Chorus: ""Spi, pust' angelï krïlami navevayut snï"" - Live",0.057354444444444444
"Iolanta Op. 69 / 4. Scene And Arioso Of The King: ""Gospod' moy, esli grešen ya"" - Live",0.05498527777777778
"Iolanta Op. 69 / 4. Scene And Arioso Of The King: ""Prizïvnïy rog"" - Live",0.1538036111111111
"Iolanta Op. 69 / 5. Scene And Monologue Of Ibn-Hakia: ""Dva mira - plotskiy i dukhovnïy"" - Live",0.0745925
"Iolanta Op. 69 / 5. Scene And Monologue Of Ibn-Hakia: ""Tvoyo lico besstrastno"" - Live",0.05283694444444444
"Iolanta Op. 69 / 6. Scene And Aria Of Robert: ""Ne toropis', zdes' tak temno"" ""Kto možet sravnit'sya"" - Live",0.09515027777777778
"Iolanta Op. 69 / 6a. Romance Of Vaudémont: ""Net! Čarï lask krasï myatežnoy"" - Live",0.06075916666666667
"Iolanta Op. 69 / 7. Scene And Duet Of Iolanta And Vaudémont: ""Odnako gde že mï?"" - Live",0.10978527777777777
"Iolanta Op. 69 / 7. Scene And Duet Of Iolanta And Vaudémont: ""Tvoyo mol?an'e neponyatno"" ""?udnïy pervenec tvoren'ya"" - Live",0.1443611111111111
"Iolanta Op. 69 / 7. Scene And Duet Of Iolanta And Vaudémont: ""Vï mne predstali kak viden'e"" - Live",0.09163694444444444
"Iolanta Op. 69 / 8. Scene: ""Iolanta!"" / ""Menya zovut podrugi"" ""Tï, osleplennïy mïsl'yu ložnoy"" - Live",0.12358944444444445
"Iolanta Op. 69 / 8. Scene: ""Net, nazovi mučen'ya, stradan'ya, bol"" - Live",0.07097777777777778
"Iolanta Op. 69 / 9. Finale: ""Blagoy, velikiy, neizmennïy"" - Live",0.06584777777777778
"Iolanta Op. 69 / 9. Finale: ""Gde ya?"" - Live",0.0339
"Iolanta Op. 69 / 9. Finale: ""Gotfrid, ya vïručat' tebya yavilsya"" - Live",0.08066305555555556
"Iolanta Op. 69 / 9. Finale: ""Prosti menya"" - Live",0.03585555555555556
"Iolanta Op. 69, TH 11: ""Atchevo eta prezhde ne znala""",0.019369722222222222
"Iolanta Op. 69, TH 11: ""Otčego ėto prežde ne znala"" - Live",0.0862
Iolanta Op. 69: Introduction - Live,0.11066499999999999
"Italian Capriccio, Op. 45, TH 47: Capriccio Italien, Op. 45",0.2365297222222222
"Les saisons (The Seasons), Op. 37b: April: Snowdrop",0.08
"Les saisons (The Seasons), Op. 37b: August: The Harvest",0.05694444444444444
"Les saisons (The Seasons), Op. 37b: December: Christmas",0.07684444444444445
"Les saisons (The Seasons), Op. 37b: February: Carnaval",0.045081388888888886
"Les saisons (The Seasons), Op. 37b: January: By The Fireside",0.08284444444444444
"Les saisons (The Seasons), Op. 37b: July: Song Of The Reaper",0.03222222222222222
"Les saisons (The Seasons), Op. 37b: June: Barcarolle",0.08083333333333333
"Les saisons (The Seasons), Op. 37b: March: Song Of The Lark",0.07166666666666667
"Les saisons (The Seasons), Op. 37b: May: May Nights",0.1305877777777778
"Les saisons (The Seasons), Op. 37b: November: Troika",0.044444444444444446
"Les saisons (The Seasons), Op. 37b: October: Autumn Song",0.06658138888888888
"Les saisons (The Seasons), Op. 37b: September: The Hunt",0.03952972222222222
"Liturgy of St John Chrysostom, Op. 41: Cherubikon ('The Cherubic Hymn') - Greater Entrance",0.09717777777777778
"Liturgy of St John Chrysostom, Op. 41: Communion Hymn – Praise Ye The Lord from the Heavens",0.05555027777777778
"Liturgy of St John Chrysostom, Op. 41: Eucharistic Prayer: Preface - Sanctus (The Mercy of Peace)",0.030153055555555554
"Liturgy of St John Chrysostom, Op. 41: Litany of the Offertory - The Kiss of Peace",0.04890138888888888
"Liturgy of St John Chrysostom, Op. 41: Opening doxology - Great Litany (Lord Have Mercy)",0.205015
"Liturgy of St John Chrysostom, Op. 41: Petitions and prayers for the faithful - Prayer for the Catechumens - Dismissal of the Catechumens - Prayer of the Faithful (Glory Be To Thee)",0.14136916666666666
"Liturgy of St John Chrysostom, Op. 41: Prayer of Intercession (Amen - With Thy Spirit)",0.04534388888888889
"Liturgy of St John Chrysostom, Op. 41: Prokimeon - Alleluia - Gospel reading",0.06014805555555556
"Liturgy of St John Chrysostom, Op. 41: The Consecration",0.0664561111111111
"Liturgy of St John Chrysostom, Op. 41: The Creed",0.055344444444444446
"Liturgy of St John Chrysostom, Op. 41: The Epiclesis - Hymn to the Glory of the Mother of God (It is Meet)",0.13331416666666668
"Liturgy of St John Chrysostom, Op. 41: The Holy Communion of the Faithful - The Eucharistic Gifts Carried to the Prothesis - Thanksgiving - Closing Prayer (Blessed Be He That Cometh in the Name of the Lord)",0.24125611111111112
"Liturgy of St John Chrysostom, Op. 41: The Lord's Prayer (Our Father) - The Elevation",0.10960722222222222
"Liturgy of St. John Chrysostom, Op. 41: 1. Lord, Have Mercy",0.044657499999999996
"Love Theme (From ""Romeo and Juliet"")",0.053574166666666666
"Manfred Symphony, Op. 58, TH.28: 1. Lento lugubre - Moderato con moto - Andante",2.8320197222222223
"Manfred Symphony, Op. 58, TH.28: 2. Vivace con spirito",1.7357325000000001
"Manfred Symphony, Op. 58, TH.28: 3. Andante con moto",1.5047058333333334
"Manfred Symphony, Op. 58, TH.28: 4. Allegro con fuoco",1.2314327777777778
"Manfred Symphony, Op. 58: I. Lento lugubre",0.0009408333333333333
"Marche Slave, Op. 31, TH 45 (Arr. Piano)",0.1431413888888889
"Marche slave, Op. 31, TH 45",0.3600175
"Marche slave, Op. 31, TH 45 “Slavonic March”",0.17583305555555556
"Moment lyrique, TH 149",0.09337222222222222
"Nathalie-Valse, TH 142",0.057904444444444446
"Nocturne, Op. 19, No. 4 (Arr. for Orchestra)",0.018465555555555555
Nutcracker Suite (Arr. Ellington & Strayhorn): Overture,0.16911416666666668
"Nutcracker Suite, Op. 71a, TH. 35 (Arr. by Economou for Piano 4-Hands): I. Ouverture miniature: Allegro giusto",0.05119638888888889
"Nutcracker Suite, Op. 71a, TH. 35 (Arr. by Economou for Piano 4-Hands): IIa. Danses caractéristiques. Marche: Tempo di marcia viva",0.03781472222222222
"Nutcracker Suite, Op. 71a, TH. 35 (Arr. by Economou for Piano 4-Hands): IIb. Danses caractéristiques. Danse de la Fée Dragée: Andante non troppo",0.03335194444444444
"Nutcracker Suite, Op. 71a, TH. 35 (Arr. by Economou for Piano 4-Hands): IIc. Danses caractéristiques. Danse russe Trépak: Tempo di Trepak, molto vivace",0.006091944444444444
"Nutcracker Suite, Op. 71a, TH. 35 (Arr. by Economou for Piano 4-Hands): IIe. Danses caractéristiques. Danse chinoise: Allegro moderato",0.002586388888888889
"Nutcracker Suite, Op. 71a, TH.35: 1. Miniature Overture",0.0578
"Nutcracker Suite, Op. 71a, TH.35: 2a. March",0.0416
"Nutcracker Suite, Op. 71a, TH.35: 2b. Dance Of The Sugar-Plum Fairy",0.013335555555555555
"Nutcracker Suite, Op. 71a, TH.35: 3. Waltz Of The Flowers",0.004817777777777778
"Nutcracker Suite, Op. 71a: 2b. Dance of the Sugar-Plum Fairy",0.029761944444444445
"Nutcracker Suite, Op.71a, TH.35: 1. Miniature Overture",0.01964638888888889
Opening Scene - Dance Of The Young Girls (Onegin Ballet Suite No 1 & 2),0.005888611111111111
"Ouverture solennelle ""1812,"" Op. 49",0.13461944444444446
"Overture 1812, Op. 49, TH 49",0.11088722222222222
"Pezzo Capricioso for Violoncello & Orchestra, Op. 62",0.30226583333333334
"Piano Concerto No. 1 in B Flat Minor, Op. 23, TH. 55: I. Allegro non troppo e molto maestoso - Allegro con spirito",0.07974388888888888
"Piano Concerto No. 1 in B Flat Minor, Op. 23, TH. 55: II. Andantino semplice - Prestissimo - Tempo I",0.0018572222222222223
"Piano Concerto No. 1 in B Flat Minor, Op. 23, TH. 55: III. Allegro con fuoco",0.0025280555555555555
"Piano Concerto No. 1 in B-Flat Minor, Op. 23, TH 55: I. Allegro non troppo e molto maestoso",9.130891944444445
"Piano Concerto No. 1 in B-Flat Minor, Op. 23, TH 55: II. Andantino semplice",1.9482858333333333
"Piano Concerto No. 1 in B-Flat Minor, Op. 23, TH 55: III. Allegro con fuoco",1.726003611111111
"Piano Concerto No. 1 in B-Flat Minor, Op. 23, TH. 55: I. Allegro non troppo e molto maestoso - Allegro con spirito - Live at Philharmonie, Berlin",0.019279444444444443
"Piano Concerto No. 1 in B-Flat Minor, Op. 23: I. Allegro ma non troppo e molto maestoso",0.00957138888888889
"Piano Concerto No. 1 in B-Flat Minor, Op. 23: I. Allegro non troppo e molto maestoso",0.3442516666666667
"Piano Concerto No. 1 in B-Flat Minor, Op. 23: I. Allegro non troppo e molto maestoso - Allegro con spirito",0.02710833333333333
"Piano Concerto No. 1 in B-Flat Minor, Op. 23: I. Allegro non troppo e molto maestoso - Allegro con spirito - Excerpt",0.006968888888888889
"Piano Concerto No. 1 in B-Flat Minor, Op. 23: I. Andante non troppo e molto maestoso - Allegro con spirito",0.07889611111111111
"Piano Concerto No. 1 in B-Flat Minor, Op. 23: II. Andantino semplice",0.001128611111111111
"Piano Concerto No. 2 in G Major, Op. 44: I. Allegro brillante",0.0812888888888889
"Piano Concerto No. 2 in G Major, Op. 44: I. Allegro brillante - Live",0.32224055555555553
"Piano Concerto No. 2 in G Major, Op. 44: II. Andante non troppo - Live",0.1348888888888889
"Piano Concerto No. 2 in G Major, Op. 44: III. Allegro con fuoco - Live",0.12731
"Piano Concerto No. 3 in E flat, Op. 75 (Unfinished)",0.6073391666666667
"Piano Concerto No. 3 in G Major, Op. 75: I. Allegro brillante",0.003502222222222222
"Piano Sonata in G Major, Op. 37, TH 139: 1. Moderato e risoluto",0.46104638888888894
"Piano Sonata in G Major, Op. 37, TH 139: 3. Scherzo: Allegro giocoso",0.04185277777777778
"Piano Trio in A Minor, Op. 50, TH. 117: II. (A) Tema con variazioni: Andante con moto - Live",0.016118333333333332
"Piano Trio in A Minor, Op. 50, TH. 117: Var. III: Allegro moderato - Live",0.013370277777777778
"Piano Trio in A Minor, Op. 50, TH. 117: Var. IV: L'istesso tempo - Live",0.0162925
"Potpourri on Themes from The Voyevoda, TH 128",0.23324194444444443
Prologue - Finale,0.14372944444444444
Prologue - Introduction,0.05303694444444444
Prologue - March,0.07352222222222222
Prologue - Pas de Six: Adagio,0.06720722222222222
Prologue - Pas de Six: Coda,0.02760722222222222
Prologue - Pas de Six: Entrée,0.010355555555555555
Prologue - Pas de Six: Variation 1 (Candide),0.019159166666666668
Prologue - Pas de Six: Variation 2 (Coulante. Fleur de Farine),0.009788888888888889
Prologue - Pas de Six: Variation 3 (Miettes qui tombent),0.020151666666666665
Prologue - Pas de Six: Variation 4 (Canari qui chante),0.008870277777777777
Prologue - Pas de Six: Variation 5 (Violente),0.021229444444444443
Prologue - Pas de Six: Variation 6 (La Fée des Lilas),0.018551666666666668
Prologue - Scène dansante,0.07426833333333334
"Rococo Variations for Violoncello & Orchestra, Op. 33",0.6314275
"Romance in F Minor, Op. 5, TH 127",0.485245
"Romance, Op. 5",0.10198138888888889
"Romances, Op. 16, TH 95: 1. Berceuse",0.1728713888888889
"Romances, Op. 16, TH 95: 4. Oh! Chante encore",0.2046288888888889
"Romances, Op. 16, TH 95: 5. Qu'importe",0.3070263888888889
"Romeo & Juliet Fantasy Overture, TH 42",0.6898091666666666
"Romeo and Juliet, Fantasy Overture - TH.42: Andante non tanto quasi Moderato - Allegro giusto - Moderato assai",0.40702222222222223
"Romeo and Juliet, Fantasy Overture - TH.42: Love Theme",0.05327388888888889
"Romeo and Juliet, Fantasy Overture, TH 42",0.10290944444444444
"Serenade for Strings in C Major, Op. 48, TH 48: I. Pezzo in forma di sonatina",0.18488888888888888
"Serenade for Strings in C Major, Op. 48, TH 48: II. Valse",0.1316811111111111
"Serenade for Strings in C Major, Op. 48, TH 48: II. Walzer",0.11306277777777778
"Serenade for Strings in C Major, Op. 48, TH 48: III. Elegia",0.17990722222222222
"Serenade for Strings in C Major, Op. 48, TH 48: III. Elegie",0.16429611111111111
"Serenade for Strings in C Major, Op. 48, TH 48: IV. Finale",0.13472944444444446
"Serenade for Strings in C, Op. 48: 2. Walzer: Moderato (Tempo di valse)",0.060351666666666665
"Serenade in C Major, Op. 48: IV. Finale (Tema Russo)",0.004476111111111111
"Sextett for Streicher in D Minor, Op. 70 (Souvenir de Florence): I. Adagio cantabile e con moto",0.35725944444444446
"Sextett for Streicher in D Minor, Op. 70 (Souvenir de Florence): II. Allegretto moderato",0.11355555555555556
"Sextett for Streicher in D Minor, Op. 70 (Souvenir de Florence): III. Allegro con spirito",0.26524000000000003
"Sextett for Streicher in D Minor, Op. 70 (Souvenir de Florence): IV. Allegro vivace",0.14325
"Six Pieces, Op. 51, TH 143: VI. Valse sentimentale. Tempo di Valse",0.041994166666666666
"Six Romances, Op. 6, TH 93: No. 5, Why? Moderato",0.03997777777777778
"Six Romances, Op. 6, TH 93: VI. None but the Lonely Heart (Arr. Elman)",0.05096666666666667
"Six Romances, Op. 73, TH 109: No. 6",0.04262222222222222
"Slavonic March, Op. 31, TH. 45: Moderato in modo di marcia funebre - Andante molto maestoso - Allegro risoluto",2.0645152777777778
"Slavonic March, Op. 31: Moderato in modo di marcia funebre - Andante molto maestoso - Allegro risoluto",0.16374055555555556
"Souvenir d'un lieu cher, Op. 42: I. Meditation (Arr. A.K. Glazunov for violin and orchestra)",0.15514083333333334
"Souvenir d'un lieu cher, Op. 42: II. Scherzo (Arr. A.K. Glazunov for violin and orchestra)",0.004324166666666666
"Souvenir de Florence in D Minor, Op. 70 TH 118: II. Adagio cantabile e con moto",0.005642777777777778
"Souvenir de Florence, Op. 70, TH 118: III. Allegro moderato - Live from Verbier Festival / 2013",0.2055627777777778
"Souvenir de Florence, Op. 70: I. Allegro con spirito",0.8205036111111111
"Souvenir de Florence, Op. 70: II. Adagio cantabile e con moto",0.4541427777777778
"Souvenir de Florence, Op. 70: III. Allegretto moderato",0.12527944444444444
"Souvenir de Florence, Op. 70: IV. Allegro vivace",0.11734972222222222
"Souvenir de Hapsal, Op. 2, TH 125: 1. Ruines d'un château",0.45050222222222225
"Souvenir de Hapsal, Op. 2, TH 125: 2. Scherzo",0.33070694444444443
"Souvenir de Hapsal, Op. 2, TH 125: 3. Chant sans paroles",0.40064944444444445
"Souvenir de Hapsal, Op. 2: No. 3. Song without Words in F Major",0.055370277777777775
"String Quartet No. 1 in D, Op. 11 - orchestral version: 2. Andante cantabile",0.194625
"String Quartet No. 2 in F Major, Op. 22, TH 112: I. Adagio - Moderato assai",0.004045555555555556
"Suite for Orchestra No. 4 in G Major, Op. 61, TH 34 ""Mozartiana"": 3. Preghiera",0.012540555555555555
"Swan Lake (Suite), Op. 20a, TH. 219: I. Scene - Swan Theme",0.10279833333333332
"Swan Lake (Suite), Op. 20a, TH. 219: II. Valse In A",0.010976111111111112
"Swan Lake (Suite), Op. 20a, TH. 219: III. Danse des petits cygnes",0.006185277777777777
"Swan Lake (Suite), Op. 20a, TH. 219: VI. Scène finale",0.0008577777777777777
"Swan Lake (Suite), Op.20a, TH 219: 1. Scene - Swan Theme",0.003302222222222222
"Swan Lake Suite, Op. 20: Scène",0.0005416666666666666
"Swan Lake Suite, Op. 20a, TH 219: I. Russian Dance. Moderato",0.043248055555555553
"Swan Lake Suite, Op. 20a, TH 219: I. Scène",0.05138888888888889
"Swan Lake, Ballet Suite, Op. 20: I. Scène (Lake in the Moonlight)",0.1152
"Swan Lake, Ballet Suite, Op. 20: II. Valse",0.004409722222222222
"Swan Lake, Op. 20 - Mariinsky Version / Act 1: Scene 2: Scène. Moderato",0.040218333333333335
"Swan Lake, Op. 20, Act II No. 13, Danses des cygnes: III. Tempo di valse",0.030648055555555557
"Swan Lake, Op. 20, TH 12: Introduction",0.08917
"Swan Lake, Op.20, TH.12 / Act 1: No. 6 Pas d'action und No. 7 Sujet",0.06407388888888889
"Swan Lake, Op.20, TH.12 / Act 1: No.1 Scène (Allegro giusto)",0.0491925
"Swan Lake, Op.20, TH.12 / Act 1: No.2 Valse (Corps de Ballet)",0.12121444444444444
"Swan Lake, Op.20, TH.12 / Act 1: No.3 Scène (Allegro moderato)",0.06509916666666667
"Swan Lake, Op.20, TH.12 / Act 1: No.4a Pas de trois: Intrada (Allegro)",0.04055555555555555
"Swan Lake, Op.20, TH.12 / Act 1: No.4b Pas de trois: Andante sostenuto",0.05555555555555555
"Swan Lake, Op.20, TH.12 / Act 1: No.4c Pas de trois: Allegro semplice",0.020851666666666668
"Swan Lake, Op.20, TH.12 / Act 1: No.4d Pas de trois: Moderato",0.0209
"Swan Lake, Op.20, TH.12 / Act 1: No.4e Pas de trois: Allegro",0.020470277777777778
"Swan Lake, Op.20, TH.12 / Act 1: No.4f Pas de trois: Coda (Allegro vivace)",0.02722222222222222
"Swan Lake, Op.20, TH.12 / Act 1: No.5 Pas de deux: a) Intrada-Valse - b) Andante",0.1288888888888889
"Swan Lake, Op.20, TH.12 / Act 1: No.5c Pas de deux: Valse",0.026825833333333333
"Swan Lake, Op.20, TH.12 / Act 1: No.5d Pas de deux: Coda (Allegro molto vivace)",0.03261833333333333
"Swan Lake, Op.20, TH.12 / Act 1: No.8 Danse des coupes (Tempo di polacca)",0.11356666666666666
"Swan Lake, Op.20, TH.12 / Act 1: No.9 Finale (Andante)",0.044025833333333333
"Swan Lake, Op.20, TH.12 / Act 2: No.10 Scène (Moderato)",0.042777777777777776
"Swan Lake, Op.20, TH.12 / Act 2: No.11 Scène (Allegro moderato)",0.09254805555555555
"Swan Lake, Op.20, TH.12 / Act 2: No.12 Scène (Allegro)",0.057729444444444444
"Swan Lake, Op.20, TH.12 / Act 2: No.13a Danse des cygnes: Valse",0.04027777777777778
"Swan Lake, Op.20, TH.12 / Act 2: No.13b Danse des cygnes: Odette solo/Première danse de la reine des cygnes (Moderato assai)",0.029351666666666668
"Swan Lake, Op.20, TH.12 / Act 2: No.13c Danse des cygnes: Valse",0.028425833333333334
"Swan Lake, Op.20, TH.12 / Act 2: No.13d Danse des petits cygnes (Allegro moderato)",0.02482222222222222
"Swan Lake, Op.20, TH.12 / Act 2: No.13e Danse des cygnes: Pas d'action: Odette et le prince/Deuxième danse de la reine des cygnes (Andante)",0.12244444444444444
"Swan Lake, Op.20, TH.12 / Act 2: No.13f Danse des cygnes: Danse générale (Valse)",0.023955555555555556
"Swan Lake, Op.20, TH.12 / Act 2: No.13g Danse des cygnes: Coda (Allegro vivace)",0.025025833333333334
"Swan Lake, Op.20, TH.12 / Act 2: No.14 Scène (Moderato)",0.04347388888888889
"Swan Lake, Op.20, TH.12 / Act 3: No.15 Danse de fançailles (Allegro giusto)",0.04361472222222222
"Swan Lake, Op.20, TH.12 / Act 3: No.16 Danses du corps de ballet et des nains (Moderato assai)",0.04739611111111111
"Swan Lake, Op.20, TH.12 / Act 3: No.17 Scène: Entrée des invités (Fanfares) et la valse (Allegro)",0.11112944444444445
"Swan Lake, Op.20, TH.12 / Act 3: No.18 Scène (Allegro)",0.02777027777777778
"Swan Lake, Op.20, TH.12 / Act 3: Pas de six: Intrada (moderato assai)",0.04470361111111111
"Swan Lake, Op.20, TH.12 / Act 3: Pas de six: Var. I (Allegro) und Var.II (Andante c.m.)",0.01766138888888889
"Swan Lake, Op.20, TH.12: Introduction",0.04863361111111111
"Symphony No. 1 In G Minor, Op. 13, TH.24 - ""Winter Reveries"": 1. Allegro tranquillo",0.7662116666666667
"Symphony No. 1 In G Minor, Op. 13, TH.24 - ""Winter Reveries"": 2. Adagio cantabile ma non tanto",0.7200883333333333
"Symphony No. 1 In G Minor, Op. 13, TH.24 - ""Winter Reveries"": 3. Scherzo (Allegro scherzando giocoso)",0.6647186111111111
"Symphony No. 1 In G Minor, Op. 13, TH.24 - ""Winter Reveries"": 4. Finale (Andante lugubre - Allegro maestoso)",0.7104647222222222
"Symphony No. 1 in G Minor, Op. 13 ""Winter Daydreams"": I. Dreams of a Winter Journey. Allegro tranquillo",0.01682777777777778
"Symphony No. 1 in G Minor, Op. 13, ""Winter Daydreams"": I. Allegro tranquillo (Dreams of a Winter Journey)",0.003598888888888889
"Symphony No. 1 in G Minor, Op. 13, TH.24 - ""Winter Reveries"": 1. Allegro tranquillo",0.03153888888888889
"Symphony No. 2 in C Minor, Op. 17 ""Little Russian"": I. Andante sostenuto - Allegro comodo",0.187975
"Symphony No. 2 in C Minor, Op. 17 ""Little Russian"": II. Andante marziale, quasi moderato",0.1153813888888889
"Symphony No. 2 in C Minor, Op. 17 ""Little Russian"": III. Scherzo. Allegro molto vivace",0.0905075
"Symphony No. 2 in C Minor, Op. 17 ""Little Russian"": IV. Finale. Moderato assai - Allegro vivo",0.16274083333333333
"Symphony No. 3 in D Major, Op. 29, TH 26 ""Polish"": I. Introduzione e Allegro. Moderato assai",0.05775583333333333
"Symphony No. 4 in F Minor, Op. 36, TH 27: 1. Andante sostenuto - Moderato con anima - Moderato assai, quasi andante - Allegro vivo",0.018295
"Symphony No. 4 in F Minor, Op. 36, TH 27: I. Andante sostenuto - Moderato con anima",0.7118074999999999
"Symphony No. 4 in F Minor, Op. 36, TH 27: II. Andantino in modo di canzona",0.550443888888889
"Symphony No. 4 in F Minor, Op. 36, TH 27: III. Scherzo. Pizzicato ostinato. Allegro",0.21003055555555555
"Symphony No. 4 in F Minor, Op. 36, TH 27: IV. Finale. Allegro con fuoco",0.43409055555555554
"Symphony No. 4 in F Minor, Op. 36, TH. 27: I. Andante sostenuto - Moderato con anima - Moderato assai, quasi Andante - Allegro vivo",0.34831222222222225
"Symphony No. 4 in F Minor, Op. 36, TH. 27: II. Andantino in modo di canzone",0.15550805555555555
"Symphony No. 4 in F Minor, Op. 36, TH. 27: III. Scherzo. Pizzicato ostinato - Allegro",0.19445166666666666
"Symphony No. 4 in F Minor, Op. 36, TH. 27: IV. Finale (Allegro con fuoco)",0.26439972222222224
"Symphony No. 5 in E Minor, Op. 64, TH. 29: I. Andante - Allegro con anima",1.824988611111111
"Symphony No. 5 in E Minor, Op. 64, TH. 29: II. Andante cantabile, con alcuna licenza - Moderato con anima",0.7941777777777778
"Symphony No. 5 in E Minor, Op. 64, TH. 29: III. Valse (Allegro moderato)",0.3660888888888889
"Symphony No. 5 in E Minor, Op. 64, TH. 29: IV. Finale (Andante maestoso - Allegro vivace)",1.0909177777777777
"Symphony No. 5 in E Minor, Op. 64: I. Andante - Allegro con anima",0.08322305555555555
"Symphony No. 5 in E Minor, Op. 64: I. Andante – Allegro con anima",0.44776361111111107
"Symphony No. 5 in E Minor, Op. 64: II. Andante cantabile, con alcuna licenza",0.5221541666666667
"Symphony No. 5 in E Minor, Op. 64: III. Valse. Allegro moderato",0.20040722222222224
"Symphony No. 5 in E Minor, Op. 64: IV. Finale. Andante maestoso – Allegro vivace – Moderato assai e molto maestoso – Presto – Molto meno mosso",0.40013888888888893
"Symphony No. 6 in B Minor, Op. 74, TH 30 ""Pathétique"": I. Adagio - Allegro non troppo",0.6014297222222222
"Symphony No. 6 in B Minor, Op. 74, TH 30 ""Pathétique"": II. Allegro con grazia",0.2693405555555556
"Symphony No. 6 in B Minor, Op. 74, TH 30 ""Pathétique"": III. Allegro molto vivace",0.2780588888888889
"Symphony No. 6 in B Minor, Op. 74, TH 30 ""Pathétique"": IV. Finale (Adagio lamentoso - Andante)",0.32722944444444446
"Symphony No. 6 in B Minor, Op. 74, TH. 30 ""Pathétique"": II. Allegro con grazia",0.0006041666666666667
"Symphony No.4 In F Minor, Op.36, TH.27: 1. Andante sostenuto - Moderato con anima - Moderato assai, quasi Andante - Allegro vivo",0.8266525
"Symphony No.4 In F Minor, Op.36, TH.27: 2. Andantino in modo di canzone",0.25443444444444446
"Symphony No.4 In F Minor, Op.36, TH.27: 3. Scherzo. Pizzicato ostinato - Allegro",0.09669805555555555
"Symphony No.4 In F Minor, Op.36, TH.27: 4. Finale (Allegro con fuoco)",0.13152583333333334
"Symphony No.5 In E Minor, Op.64, TH.29: 1. Andante - Allegro con anima",0.03704222222222222
"Sérénade mélancolique, Op. 26, TH 56: Serenade melancolique (Melancholy Serenade), Op. 26",0.15734722222222222
"Tchaikovsky / Orch. Lanchbery: The Nutcracker, Op. 71, Act II: Gigue",0.04068861111111111
Tchaikovsky: Aveu passionné,0.012051666666666667
Tchaikovsky: Impromptu-Caprice in G Major,0.040127222222222224
"Tchaikovsky: Piano Concerto No. 3 in E-Flat Major, Op. Posth. 75",0.2745813888888889
"Tchaikovsky: String Quartet No. 1 in D Major, Op. 11: II. Andante cantabile (Version for String Orchestra)",0.003638611111111111
"Tchaikovsky: Swan Lake (Ballet), Op. 20, Act 2: No. 10, Scène (Moderato)",0.046351666666666666
"Tchaikovsky: Swan Lake, Op. 20, Act 1: Introduction - No. 1, Scene. Allegro giusto",0.001336111111111111
"Tchaikovsky: Swan Lake, Op. 20, Act 1: No. 2, Waltz",0.0018702777777777778
"Tchaikovsky: Swan Lake, Op. 20, Act 2: No. 10, Scene. Moderato",0.09560555555555555
"Tchaikovsky: Symphony No. 6 in B Minor, Op. 74 ""Pathétique"": I. Adagio - Allegro non troppo",0.0029347222222222222
"Tchaikovsky: The Nutcracker, Op. 71, Act I, Scene 1: No. 1, Decoration of the Christmas Tree",0.06317027777777778
"Tchaikovsky: The Nutcracker, Op. 71, Act I, Scene 1: No. 2, March",0.08041833333333334
"Tchaikovsky: The Nutcracker, Op. 71, Act I, Scene 1: No. 3, Children's Galop and Entry of the Parents",0.07884055555555555
"Tchaikovsky: The Nutcracker, Op. 71, Act I, Scene 1: No. 4, Dancing Scene. Arrival of Drosselmeyer",0.1864775
"Tchaikovsky: The Nutcracker, Op. 71, Act I, Scene 1: No. 5, Scene and Grandfather Dance",0.29447
"Tchaikovsky: The Nutcracker, Op. 71, Act I, Scene 1: No. 6, Clara and the Nutcracker",0.3252977777777778
"Tchaikovsky: The Nutcracker, Op. 71, Act I, Scene 1: No. 7, The Battle",0.16895027777777777
"Tchaikovsky: The Nutcracker, Op. 71, Act I, Scene 2: No. 8, The Forest of Fir Trees in Winter. Journey Through the Snow",0.1983738888888889
"Tchaikovsky: The Nutcracker, Op. 71, Act I, Scene 2: No. 9, Waltz of the Snowflakes",0.32372222222222224
"Tchaikovsky: The Nutcracker, Op. 71, Act II: No. 10, The Enchanted Palace of Confiturembourg, the Kingdom of Sweets",0.21268138888888888
"Tchaikovsky: The Nutcracker, Op. 71, Act II: No. 11, Arrival of Clara and the Nutcracker",0.23493305555555555
"Tchaikovsky: The Nutcracker, Op. 71, Act II: No. 12a, Divertissement. Chocolate, Spanish Dance",0.05965555555555556
"Tchaikovsky: The Nutcracker, Op. 71, Act II: No. 12b, Divertissement. Coffee, Arabian Dance",0.1198375
"Tchaikovsky: The Nutcracker, Op. 71, Act II: No. 12c, Divertissement. Tea, Chinese Dance",0.04327111111111111
"Tchaikovsky: The Nutcracker, Op. 71, Act II: No. 12d, Divertissement. Trepak, Russian Dance",0.037822222222222215
"Tchaikovsky: The Nutcracker, Op. 71, Act II: No. 12e, Divertissement. Dance of the Reed-Flutes",0.07954805555555555
"Tchaikovsky: The Nutcracker, Op. 71, Act II: No. 12f, Divertissement. Mother Gigogne and the Clowns",0.09082944444444443
"Tchaikovsky: The Nutcracker, Op. 71, Act II: No. 13, Waltz of the Flowers",0.34634055555555554
"Tchaikovsky: The Nutcracker, Op. 71, Act II: No. 14a, Pas de deux. Andante maestoso",0.16817027777777777
"Tchaikovsky: The Nutcracker, Op. 71, Act II: No. 14b, Pas de deux. Variation I ""Tarantella""",0.02209611111111111
"Tchaikovsky: The Nutcracker, Op. 71, Act II: No. 14c, Pas de deux. Variation II ""Dance of the Sugar Plum Fairy""",0.07655916666666668
"Tchaikovsky: The Nutcracker, Op. 71, Act II: No. 14d, Pas de deux. Coda",0.04423694444444445
"Tchaikovsky: The Nutcracker, Op. 71, Act II: No. 15, Final Waltz and Apotheosis",0.17880027777777777
"Tchaikovsky: The Nutcracker, Op. 71: Miniature Overture",0.11092222222222223
"Tchaikovsky: The Sleeping Beauty, Op. 66, Act I ""The Spell"": No. 5, Scene. Allegro vivo",0.11636416666666667
"Tchaikovsky: The Sleeping Beauty, Op. 66, Act I ""The Spell"": No. 6, Waltz",0.08291833333333333
"Tchaikovsky: The Sleeping Beauty, Op. 66, Act I ""The Spell"": No. 7, Scene. Andante",0.0297925
"Tchaikovsky: The Sleeping Beauty, Op. 66, Act I ""The Spell"": No. 8a, Pas d'action. Rose Adagio",0.10325166666666667
"Tchaikovsky: The Sleeping Beauty, Op. 66, Act I ""The Spell"": No. 8b, Pas d'action. Dances of the Maids of Honour and Pages",0.033514722222222224
"Tchaikovsky: The Sleeping Beauty, Op. 66, Act I ""The Spell"": No. 8c, Pas d'action. Aurora's Variation",0.05870722222222222
"Tchaikovsky: The Sleeping Beauty, Op. 66, Act I ""The Spell"": No. 8d, Pas d'action. Coda",0.04178888888888889
"Tchaikovsky: The Sleeping Beauty, Op. 66, Act I ""The Spell"": No. 9, Finale",0.1268
"Tchaikovsky: The Sleeping Beauty, Op. 66, Act II ""The Vision"", Scene 1: No. 10, Entr'acte and Scene",0.04575166666666667
"Tchaikovsky: The Sleeping Beauty, Op. 66, Act II ""The Vision"", Scene 1: No. 11, Blind Man's Buff",0.028096944444444445
"Tchaikovsky: The Sleeping Beauty, Op. 66, Act II ""The Vision"", Scene 1: No. 12a, Scene. Moderato",0.014429722222222222
"Tchaikovsky: The Sleeping Beauty, Op. 66, Act II ""The Vision"", Scene 1: No. 12b, Dance of the Duchesses",0.015211111111111111
"Tchaikovsky: The Sleeping Beauty, Op. 66, Act II ""The Vision"", Scene 1: No. 12c, Dance of the Baronesses",0.014814722222222222
"Tchaikovsky: The Sleeping Beauty, Op. 66, Act II ""The Vision"", Scene 1: No. 12d, Dance of the Countesses",0.010966666666666666
"Tchaikovsky: The Sleeping Beauty, Op. 66, Act II ""The Vision"", Scene 1: No. 12e, Dance of the Marchionesses",0.0129
"Tchaikovsky: The Sleeping Beauty, Op. 66, Act II ""The Vision"", Scene 1: No. 13a, Farandole. Scene",0.004451944444444444
"Tchaikovsky: The Sleeping Beauty, Op. 66, Act II ""The Vision"", Scene 1: No. 13b, Farandole. Dance",0.02678888888888889
"Tchaikovsky: The Sleeping Beauty, Op. 66, Act II ""The Vision"", Scene 1: No. 14, Scene. Allegro con spirito",0.08982583333333333
"Tchaikovsky: The Sleeping Beauty, Op. 66, Act II ""The Vision"", Scene 1: No. 15a, Pas d'action. Scene of Aurora and Désiré",0.091
"Tchaikovsky: The Sleeping Beauty, Op. 66, Act II ""The Vision"", Scene 1: No. 15b, Pas d'action. Aurora's Variation",0.022833333333333334
"Tchaikovsky: The Sleeping Beauty, Op. 66, Act II ""The Vision"", Scene 1: No. 15c, Pas d'action. Coda",0.02485916666666667
"Tchaikovsky: The Sleeping Beauty, Op. 66, Act II ""The Vision"", Scene 1: No. 16, Scene. Allegro agitato",0.012036944444444444
"Tchaikovsky: The Sleeping Beauty, Op. 66, Act II ""The Vision"", Scene 1: No. 17, Panorama",0.06684444444444444
"Tchaikovsky: The Sleeping Beauty, Op. 66, Act II ""The Vision"", Scene 2: No. 18, Entr'acte. Andante",0.1
"Tchaikovsky: The Sleeping Beauty, Op. 66, Act II ""The Vision"", Scene 2: No. 19, Symphonic Entr'acte ""Sleep""",0.12868527777777777
"Tchaikovsky: The Sleeping Beauty, Op. 66, Act II ""The Vision"", Scene 2: No. 20, Finale",0.039925833333333334
"Tchaikovsky: The Sleeping Beauty, Op. 66, Act III ""The Wedding"": No. 22, Polonaise",0.07612972222222222
"Tchaikovsky: The Sleeping Beauty, Op. 66, Act III ""The Wedding"": No. 23a, Pas de quatre. Allegro non tanto",0.03527416666666667
"Tchaikovsky: The Sleeping Beauty, Op. 66, Act III ""The Wedding"": No. 23b, Pas de quatre. Variation I ""The Gold Fairy""",0.018214722222222222
"Tchaikovsky: The Sleeping Beauty, Op. 66, Act III ""The Wedding"": No. 23c, Pas de quatre. Variation II ""The Silver Fairy""",0.01361111111111111
"Tchaikovsky: The Sleeping Beauty, Op. 66, Act III ""The Wedding"": No. 23d, Pas de quatre. Variation III ""The Sapphire Fairy""",0.012329722222222223
"Tchaikovsky: The Sleeping Beauty, Op. 66, Act III ""The Wedding"": No. 23e, Pas de quatre. Variation IV ""The Diamond Fairy""",0.012266666666666667
"Tchaikovsky: The Sleeping Beauty, Op. 66, Act III ""The Wedding"": No. 23f, Pas de quatre. Coda",0.0125925
"Tchaikovsky: The Sleeping Beauty, Op. 66, Act III ""The Wedding"": No. 24, Pas de caractère. Puss-in-Boots and the White Cat",0.031525833333333336
"Tchaikovsky: The Sleeping Beauty, Op. 66, Act III ""The Wedding"": No. 25a, Pas de quatre. Adagio",0.033529722222222225
"Tchaikovsky: The Sleeping Beauty, Op. 66, Act III ""The Wedding"": No. 25b, Pas de quatre. Variation I ""Cinderella and Prince Fortuné""",0.015948055555555556
"Tchaikovsky: The Sleeping Beauty, Op. 66, Act III ""The Wedding"": No. 25c, Pas de quatre. Variation II ""The Blue Bird and Princess Florine""",0.013025833333333334
"Tchaikovsky: The Sleeping Beauty, Op. 66, Act III ""The Wedding"": No. 25d, Pas de quatre. Coda",0.023311111111111112
"Tchaikovsky: The Sleeping Beauty, Op. 66, Act III ""The Wedding"": No. 26a, Pas de caractère. Little Red Riding-Hood and the Wolf",0.02268138888888889
"Tchaikovsky: The Sleeping Beauty, Op. 66, Act III ""The Wedding"": No. 26b, Pas de caractère. Cinderella and Prince Fortuné",0.04335555555555556
"Tchaikovsky: The Sleeping Beauty, Op. 66, Act III ""The Wedding"": No. 28b, Pas de deux. Entrance",0.028059166666666666
"Tchaikovsky: The Sleeping Beauty, Op. 66, Act III ""The Wedding"": No. 28c, Pas de deux. Adagio",0.07773694444444444
"Tchaikovsky: The Sleeping Beauty, Op. 66, Act III ""The Wedding"": No. 28d, Pas de deux. Variation I ""Prince Désiré""",0.017374166666666666
"Tchaikovsky: The Sleeping Beauty, Op. 66, Act III ""The Wedding"": No. 28e, Pas de deux. Variation II ""Aurora""",0.03222972222222222
"Tchaikovsky: The Sleeping Beauty, Op. 66, Act III ""The Wedding"": No. 28f, Pas de deux. Coda",0.022433333333333333
"Tchaikovsky: The Sleeping Beauty, Op. 66, Act III ""The Wedding"": No. 30a, Finale",0.09547027777777778
"Tchaikovsky: The Sleeping Beauty, Op. 66, Act III ""The Wedding"": No. 30b, Apotheosis",0.039559166666666666
"Tchaikovsky: The Sleeping Beauty, Op. 66, Prologue ""The Christening"": No. 1, Marche de salon",0.16913333333333333
"Tchaikovsky: The Sleeping Beauty, Op. 66, Prologue ""The Christening"": No. 2, Entrance of the Fairies - Scène dansante",0.1484961111111111
"Tchaikovsky: The Sleeping Beauty, Op. 66, Prologue ""The Christening"": No. 3a, Pas de six. Introduction",0.020385
"Tchaikovsky: The Sleeping Beauty, Op. 66, Prologue ""The Christening"": No. 3b, Pas de six. Grand adage",0.1283036111111111
"Tchaikovsky: The Sleeping Beauty, Op. 66, Prologue ""The Christening"": No. 3c, Pas de six. Variation I ""Candide""",0.030148055555555553
"Tchaikovsky: The Sleeping Beauty, Op. 66, Prologue ""The Christening"": No. 3d, Pas de six. Variation II ""Coulante, the Fairy of Blooming Wheat""",0.01916277777777778
"Tchaikovsky: The Sleeping Beauty, Op. 66, Prologue ""The Christening"": No. 3e, Pas de six. Variation III ""Breadcrumb""",0.03264444444444444
"Tchaikovsky: The Sleeping Beauty, Op. 66, Prologue ""The Christening"": No. 3f, Pas de six. Variation IV ""The Singing Canary""",0.016651666666666665
"Tchaikovsky: The Sleeping Beauty, Op. 66, Prologue ""The Christening"": No. 3g, Pas de six. Variation V ""Violante""",0.034022222222222225
"Tchaikovsky: The Sleeping Beauty, Op. 66, Prologue ""The Christening"": No. 3h, Pas de six. Variation VI ""The Lilac Fairy""",0.033348055555555554
"Tchaikovsky: The Sleeping Beauty, Op. 66, Prologue ""The Christening"": No. 3i, Pas de six. Coda",0.05037027777777778
"Tchaikovsky: The Sleeping Beauty, Op. 66, Prologue ""The Christening"": No. 4, Finale",0.28603694444444444
"Tchaikovsky: The Sleeping Beauty, Op. 66: Introduction",0.1037575
"The Nutcracker (Suite), Op. 71a, TH 35: 1. Miniature Overture. Allegro giusto",0.03866611111111111
"The Nutcracker (Suite), Op. 71a, TH 35: 2b. Dance of the Sugar-Plum Fairy. Andante ma non troppo",0.0274
"The Nutcracker (Suite), Op. 71a, TH 35: 2c. Russian Dance. Trepak. Tempo di Trepak, molto vivace",0.001048888888888889
"The Nutcracker (Suite), Op. 71a, TH 35: 2d. Arabian Dance. Allegretto",0.0498175
"The Nutcracker (Suite), Op. 71a, TH 35: 2f. Dance of the Reed-Pipes. Moderato assai",0.04346277777777778
"The Nutcracker (Suite), Op. 71a, TH. 35: I. Miniature Overture",0.24764416666666667
"The Nutcracker (Suite), Op. 71a, TH. 35: II. Danses caractéristiques a. Marche (Tempo di marcia viva)",0.07722222222222222
"The Nutcracker (Suite), Op. 71a, TH. 35: III. Valse des fleurs (Tempo di Valse)",0.23574055555555556
"The Nutcracker (Suite), Op. 71a, TH. 35: III. Waltz of the Flowers",0.22768638888888887
"The Nutcracker (Suite), Op. 71a, TH. 35: IIa. March",0.083465
"The Nutcracker (Suite), Op. 71a, TH. 35: IIb. Dance of the Sugar-Plum Fairy",0.07685194444444446
"The Nutcracker (Suite), Op. 71a, TH. 35: IIb. Danse de la fée-Dragée (Andante non troppo)",0.06407388888888889
"The Nutcracker (Suite), Op. 71a, TH. 35: IIc. Danse russe Trépak (Tempo di Trépak, molto vivace)",0.03647916666666667
"The Nutcracker (Suite), Op. 71a, TH. 35: IIc. Russian Dance (Trepak)",0.03888888888888889
"The Nutcracker (Suite), Op. 71a, TH. 35: IId. Arabian Dance (Coffee)",0.12555555555555556
"The Nutcracker (Suite), Op. 71a, TH. 35: IId. Danse arabe (Allegretto)",0.062045
"The Nutcracker (Suite), Op. 71a, TH. 35: IIe. Chinese Dance (Tea)",0.04111111111111111
"The Nutcracker (Suite), Op. 71a, TH. 35: IIe. Danse chinoise (Allegro moderato)",0.021666666666666667
"The Nutcracker (Suite), Op. 71a, TH. 35: IIf. Dance of the Reed-Pipes (Mirlitons)",0.08611111111111111
"The Nutcracker (Suite), Op. 71a, TH. 35: IIf. Danse des mirlitons (Moderato assai)",0.04242777777777777
"The Nutcracker Suite, Op. 71a, TH 35: I. Ouverture miniature. Allegro giusto",0.05685166666666667
"The Nutcracker Suite, Op. 71a: II. Danses caractéristiques: b) Danse de la Fée Dragée. Andante non troppo",0.028062777777777777
"The Nutcracker, Act II: Dance of Sugar Plum Fairy",0.15666666666666668
"The Nutcracker, Op. 71, TH 14 / Act 1: 3. Children's Galop and Entry of the Parents (Arr. Piano)",0.0008913888888888889
"The Nutcracker, Op. 71, TH 14 / Act 1: 4. Dance Scene - Drosselmeyer's Presents (Arr. Piano)",0.09222222222222222
"The Nutcracker, Op. 71, TH 14 / Act 1: 5. Scene - Grandfather Dance (Arr. Piano)",0.11532916666666666
"The Nutcracker, Op. 71, TH 14 / Act 1: 6. Departure of the Guests - Clara and the Nutcracker (Arr. Piano)",0.11414444444444445
"The Nutcracker, Op. 71, TH 14 / Act 1: 7. The Battle (Arr. Piano)",0.05564527777777778
"The Nutcracker, Op. 71, TH 14 / Act 1: 8. A Pine Forest in Winter (Arr. Piano)",0.07335916666666667
"The Nutcracker, Op. 71, TH 14 / Act 1: 9. Waltz of the Snowflakes (Arr. Piano)",0.08070277777777778
"The Nutcracker, Op. 71, TH 14 / Act 1: No. 1 Decoration and Illumination of the Christmas Tree - Live at Walt Disney Concert Hall, Los Angeles / 2013",0.014150555555555555
"The Nutcracker, Op. 71, TH 14 / Act 1: No. 2 March - Live at Walt Disney Concert Hall, Los Angeles / 2013",0.040385
"The Nutcracker, Op. 71, TH 14 / Act 1: No. 3 Children's Galop and Entry of the Parents - Live at Walt Disney Concert Hall, Los Angeles / 2013",0.04051111111111111
"The Nutcracker, Op. 71, TH 14 / Act 1: No. 4 Arrival of Drosselmeyer - Live at Walt Disney Concert Hall, Los Angeles / 2013",0.09667777777777778
"The Nutcracker, Op. 71, TH 14 / Act 1: No. 5 Presentation of the Nutcracker and Grandfather's Dance - Live at Walt Disney Concert Hall, Los Angeles / 2013",0.06425527777777777
"The Nutcracker, Op. 71, TH 14 / Act 1: Overture (Arr. Piano)",0.04527222222222222
"The Nutcracker, Op. 71, TH 14 / Act 2: 10. The Magical Palace of Sweets (Arr. Piano)",0.06940027777777778
"The Nutcracker, Op. 71, TH 14 / Act 2: 12b. Character Dances: Coffee (Arabian Dance) (Arr. Piano)",0.10170138888888888
"The Nutcracker, Op. 71, TH 14 / Act 2: 12c. Character Dances: Tea (Chinese Dance) (Arr. Piano)",0.015047222222222222
"The Nutcracker, Op. 71, TH 14 / Act 2: 12d. Character Dances: Trépak (Russian Dance) (Arr. Piano)",0.010181111111111111
"The Nutcracker, Op. 71, TH 14 / Act 2: 12f. Character Dances: Mother Gigogne and the Clowns (Arr. Piano)",0.07739499999999999
"The Nutcracker, Op. 71, TH 14 / Act 2: 14b. Pas de deux: Variation I (Tarantella) (Arr. Piano)",0.010011111111111111
"The Nutcracker, Op. 71, TH 14 / Act 2: 14c. Pas de deux: Variation II (Dance of the Sugar-Plum Fairy) (Arr. Piano)",0.08199111111111111
"The Nutcracker, Op. 71, TH 14 / Act 2: 15a. Final Waltz (Arr. Piano)",0.05956694444444444
"The Nutcracker, Op. 71, TH 14 / Act 2: No. 10 The Magic Castle on the Mountain of Sweets - Live at Walt Disney Concert Hall, Los Angeles / 2013",0.0012769444444444445
"The Nutcracker, Op. 71, TH 14 / Act 2: No. 14c Pas de deux. The Prince and the Sugar-Plum Fairy: Variation II (Dance of the Sugar-Plum Fairy) - Live at Walt Disney Concert Hall, Los Angeles / 2013",0.0031972222222222224
"The Nutcracker, Op. 71, TH 14 / Act 2: No. 14d Pas de deux. The Prince and the Sugar-Plum Fairy: Coda - Live at Walt Disney Concert Hall, Los Angeles / 2013",0.0016725
"The Nutcracker, Op. 71, TH 14 / Act 2: No. 15 Final Waltz and Apotheosis - Live at Walt Disney Concert Hall, Los Angeles / 2013",0.0015716666666666667
"The Nutcracker, Op. 71, TH 14: Act II: No. 12b, Divertissement. Coffee (Arabian Dance)",0.05223944444444444
"The Nutcracker, Op. 71, TH 14: Act II: No. 14, Pas de deux. Variation II, Dance of the Sugar-Plum Fairy",0.015645
"The Nutcracker, Op. 71, TH.14 / Act 2: No. 14b Pas de deux: Variation I (Tarantella)",0.010055555555555555
"The Nutcracker, Op. 71, TH.14 / Act 2: No. 14c Pas de deux: Variation II (Dance of the Sugar-Plum Fairy)",0.008484722222222222
"The Nutcracker, Op. 71, TH.14 / Act 2: No. 14d Pas de deux: Coda",0.022029166666666666
"The Nutcracker, Op. 71, TH.14 / Act 2: No. 15 Final Waltz and Apotheosis",0.015984444444444443
"The Nutcracker, Op.71, TH.14 / Act 1: No. 1 The Christmas Tree",0.21662416666666667
"The Nutcracker, Op.71, TH.14 / Act 1: No. 2 March",0.16082888888888888
"The Nutcracker, Op.71, TH.14 / Act 1: No. 3 Galop And Dance Of The Parents",0.22599999999999998
"The Nutcracker, Op.71, TH.14 / Act 1: No. 4 Dance Scene - The Presents Of Drosselmeyer",0.4731666666666667
"The Nutcracker, Op.71, TH.14 / Act 1: No. 5 Scene - Grandfather Dance",0.4975777777777778
"The Nutcracker, Op.71, TH.14 / Act 1: No. 6 Clara And The Nutcracker",0.33486055555555555
"The Nutcracker, Op.71, TH.14 / Act 1: No. 7 The Nutcracker Battles The Army Of The Mouse King - He Wins And Is Transformed Into Prince Charming",0.11011833333333333
"The Nutcracker, Op.71, TH.14 / Act 1: No. 8 In The Christmas Tree",0.1323111111111111
"The Nutcracker, Op.71, TH.14 / Act 1: No. 9 Scene And Waltz Of The Snowflakes",0.21205888888888888
"The Nutcracker, Op.71, TH.14 / Act 2: No. 10 The Magic Castle On The Mountain Of Sweets",0.14226666666666668
"The Nutcracker, Op.71, TH.14 / Act 2: No. 11 Clara And Prince Charming",0.1536888888888889
"The Nutcracker, Op.71, TH.14 / Act 2: No. 12 Divertissement",0.40524444444444446
"The Nutcracker, Op.71, TH.14 / Act 2: No. 13 Waltz Of The Flowers",0.23122222222222222
"The Nutcracker, Op.71, TH.14 / Act 2: No. 15 Final Waltz And Apotheosis",0.1848738888888889
"The Nutcracker, Op.71, TH.14 / Act 2: No.14 Pas de deux: Intrada - Variation I/II - Coda",0.3071183333333333
"The Nutcracker, Op.71, TH.14: Overture",0.23728305555555554
"The Seasons, Op. 37-bis: VI. June - Barcarole",0.08031833333333334
"The Seasons, Op. 37a, TH 135: 1. January: By The Fireside",0.11375138888888889
"The Seasons, Op. 37a, TH 135: 1. January: By the Hearth",0.048392500000000005
"The Seasons, Op. 37a, TH 135: 10. October: Autumn Song",0.10906833333333334
"The Seasons, Op. 37a, TH 135: 10. October: Autumn's Song",0.004453888888888889
"The Seasons, Op. 37a, TH 135: 11. November: On The Troika",0.04958527777777778
"The Seasons, Op. 37a, TH 135: 11. November: On the Troika",0.09708111111111112
"The Seasons, Op. 37a, TH 135: 12. December: Christmastide",0.04822527777777778
"The Seasons, Op. 37a, TH 135: 12. December: Yuletide",0.057455
"The Seasons, Op. 37a, TH 135: 2. February: Shrovetide Festival",0.04311472222222222
"The Seasons, Op. 37a, TH 135: 3. March: Song Of The Lark",0.048259166666666665
"The Seasons, Op. 37a, TH 135: 3. March: Song of the Lark",0.07941055555555555
"The Seasons, Op. 37a, TH 135: 4. April: Snowdrop",0.09152722222222223
"The Seasons, Op. 37a, TH 135: 4. April: The Snowdrop",0.04409222222222222
"The Seasons, Op. 37a, TH 135: 5. May: White Nights",0.16735027777777778
"The Seasons, Op. 37a, TH 135: 6. June: Barcarolle",0.2961175
"The Seasons, Op. 37a, TH 135: 7. July: Reaper's Song",0.0264475
"The Seasons, Op. 37a, TH 135: 7. July: Song Of The Reaper",0.028414722222222223
"The Seasons, Op. 37a, TH 135: 8. August: Harvest",0.05090361111111111
"The Seasons, Op. 37a, TH 135: 8. August: The Harvest",0.05952944444444445
"The Seasons, Op. 37a, TH 135: 9. September: The Hunt",0.08219888888888889
"The Seasons, Op. 37a: X. October",0.08876277777777777
"The Seasons, Op. 37b: VI. June, ""Barcarolle""",0.0024508333333333335
"The Sleeping Beauty (Suite), Op. 66a, TH. 234: I. Introduction - The Lilac Fairy",0.15235666666666667
"The Sleeping Beauty (Suite), Op. 66a, TH. 234: II. Pas d'action: Rose Adagio",0.09581305555555555
"The Sleeping Beauty (Suite), Op. 66a, TH. 234: III. Pas de caractère: Puss in Boots",0.028629444444444443
"The Sleeping Beauty (Suite), Op. 66a, TH. 234: IV. Panorama. Andantino",0.1829963888888889
"The Sleeping Beauty (Suite), Op. 66a, TH. 234: V. Waltz",0.12304638888888889
"The Sleeping Beauty Suite, Op. 66a, TH 234: IV. Panorama",0.05886277777777778
"The Sleeping Beauty, Op. 66, TH 13 / Act 1: 6. Valse",0.0012575
"The Sleeping Beauty, Op. 66, TH 13: Valse",0.0010641666666666666
"The Sleeping Beauty, Op. 66, TH.13 / Act 3: 28e. Pas de deux: Coda (Allegro vivace) (The Three Ivans)",0.010235555555555555
"The Sleeping Beauty, Op. 66, TH.13 / Prologue: 3h. Pas de six: Variation VI (Lilac Fairy)(Waltz)",0.01796277777777778
"The Snow Maiden, Op. 12: I. Introduction",0.17301444444444447
"The Snow Maiden, Op. 12: II. Dance and Chorus of Birds",0.23544666666666667
"The Snow Maiden, Op. 12: III. Monologue of Frost",0.08552944444444444
"The Snow Maiden, Op. 12: IV. Shrovetide Procession Chorus",0.041223888888888886
"The Tempest, Op. 18",1.0863072222222223
"The Tempest, Op. 18, TH 44",0.6039730555555555
"The Volunteer Fleet March, TH 140",0.0659161111111111
"The Voyevoda, Op. 78: Voyevoda, Op. 78",0.36295555555555553
"Theme with Variations in A Minor, TH 121: Variation 4",0.0642888888888889
"Theme with Variations in A Minor, TH 121: Variation 5",0.010368055555555556
"Theme with Variations in A Minor, TH 121: Variation 6",0.02861388888888889
"Valse Sentimentale, Op. 51, No. 6 (Arr. for Cello and Piano)",0.03805555555555556
"Valse sentimentale, Op. 51, No. 6",0.08604694444444444
"Valse-Caprice, Op. 4, TH 126",1.2907513888888889
"Valse-Scherzo in A Major, Op. 7, TH 129",0.7870663888888889
"Valse-Scherzo in A Major, TH 146",0.09546388888888889
"Valse-Scherzo, Op. 34, TH 58 (Arr. Bezekirsky)",0.09601444444444444
"Variations on a Rococo Theme, Op. 33, TH 57: Theme. Moderato quasi andante",0.07561833333333333
"Variations on a Rococo Theme, Op. 33, TH 57: Var. 1, Tempo della thema",0.06191833333333333
"Variations on a Rococo Theme, Op. 33, TH 57: Var: VI. Andante",0.04501444444444445
"Variations on a Rococo Theme, Op. 33, TH 57: Variazione III: Andante sostenuto",0.0839511111111111
"Variations on a Rococo Theme, Op. 33, TH. 57: Moderato assai quasi andante",0.04532194444444444
"Variations on a Rococo Theme, Op. 33, TH. 57: Tema: Moderato semplice",0.06470333333333333
"Variations on a Rococo Theme, Op. 33, TH. 57: Variazione I: Tempo del Tema",0.015451666666666666
"Variations on a Rococo Theme, Op. 33, TH. 57: Variazione II: Tempo del Tema",0.020403611111111112
"Variations on a Rococo Theme, Op. 33, TH. 57: Variazione III: Andante sostenuto",0.06631472222222222
"Variations on a Rococo Theme, Op. 33, TH. 57: Variazione IV: Andante grazioso",0.031455555555555556
"Variations on a Rococo Theme, Op. 33, TH. 57: Variazione V: Allegro moderato",0.06901416666666667
"Variations on a Rococo Theme, Op. 33, TH. 57: Variazione VI: Andante",0.0034741666666666666
"Variations on a Rococo Theme, Op. 33, TH. 57: Variazione VII e Coda: Allegro vivo",0.0018316666666666668
"Violin Concerto in D Major, Op. 35, TH 59: I. Allegro moderato",2.976236111111111
"Violin Concerto in D Major, Op. 35, TH 59: II. Canzonetta. Andante",0.7673658333333333
"Violin Concerto in D Major, Op. 35, TH 59: III. Finale. Allegro vivacissimo",0.9976563888888889
"Violin Concerto in D Major, Op. 35, TH. 59: II. Canzonetta. Andante",0.1187938888888889
"Violin Concerto in D Major, Op. 35: I. Allegro moderato",0.013918888888888889
"Violin Concerto in D Major, Op. 35: I. Allegro moderato - Live",0.0058694444444444445
"Violin Concerto in D Major, Op. 35: III. Finale. Allegro vivacissimo",0.004055555555555555
"Violin Concerto in D Major, Op. 35: Opening Applause",0.006277777777777778
"Violin and Orchestra Concerto in D Major, Op. 35, TH 59: I. Allegro moderato",0.0037730555555555555
